<?xml version="1.0" encoding="UTF-8"?>
<project-private xmlns="http://www.netbeans.org/ns/project-private/1">
    <editor-bookmarks xmlns="http://www.netbeans.org/ns/editor-bookmarks/2" lastBookmarkId="0"/>
    <open-files xmlns="http://www.netbeans.org/ns/projectui-open-files/2">
        <group>
            <file>file:/C:/Users/lenovo/Pictures/ATM%20Simulator%20System/src/atm/simulator/system/Withdraw.java</file>
            <file>file:/C:/Users/lenovo/Pictures/ATM%20Simulator%20System/src/atm/simulator/system/fastcash.java</file>
            <file>file:/C:/Users/lenovo/Pictures/ATM%20Simulator%20System/src/atm/simulator/system/Signup3.java</file>
            <file>file:/C:/Users/lenovo/Pictures/ATM%20Simulator%20System/src/atm/simulator/system/Signup1.java</file>
            <file>file:/C:/Users/lenovo/Pictures/ATM%20Simulator%20System/src/atm/simulator/system/Login.java</file>
            <file>file:/C:/Users/lenovo/Pictures/ATM%20Simulator%20System/src/atm/simulator/system/Transactions.java</file>
            <file>file:/C:/Users/lenovo/Pictures/ATM%20Simulator%20System/src/atm/simulator/system/deposit.java</file>
            <file>file:/C:/Users/lenovo/Pictures/ATM%20Simulator%20System/src/atm/simulator/system/ministatement.java</file>
            <file>file:/C:/Users/lenovo/Pictures/ATM%20Simulator%20System/src/atm/simulator/system/Signup2.java</file>
            <file>file:/C:/Users/lenovo/Pictures/ATM%20Simulator%20System/src/atm/simulator/system/Pin_change.java</file>
        </group>
    </open-files>
</project-private>
